2026-05-08T15:58:16	brain_explore	{"label": "fulcrum", "depth": 3}	1026
2026-05-08T15:59:08	brain_explore	{"label": "bending moments", "depth": 2}	30408
2026-05-08T16:43:35	brain_value	{"concept": "molecular snare", "type": "value"}	117
2026-05-08T16:43:35	brain_value	{"concept": "molecular snare highest value"}	60
2026-05-08T16:43:35	brain_value	{"concept": "molecular snare lowest value"}	59
2026-05-08T16:43:35	brain_value	{"concept": "molecular snare value"}	52
2026-05-08T16:43:35	brain_value	{"concept": "highest molecular snare value"}	60
2026-05-08T16:43:35	brain_define	{"concept": "molecular snare"}	160
2026-05-08T16:46:04	brain_value	{"concept": "molecular snare", "type": "value"}	117
2026-05-08T16:46:04	brain_value	{"concept": "molecular snare highest value"}	60
2026-05-08T16:46:04	brain_value	{"concept": "molecular snare lowest value"}	59
2026-05-08T16:46:04	brain_value	{"concept": "molecular snare value"}	52
2026-05-08T16:46:04	brain_value	{"concept": "highest molecular snare value"}	60
2026-05-08T16:46:04	brain_define	{"concept": "molecular snare"}	160
2026-05-08T16:53:27	brain_define	{"concept": "molecular snare"}	160
2026-05-08T16:53:50	brain_define	{"concept": "molecular snare"}	160
2026-05-08T16:57:01	brain_value	{"concept": "molecular snare", "type": "kdoff"}	117
2026-05-08T16:57:01	brain_value	{"concept": "molecular snare highest kdoff"}	60
2026-05-08T16:57:01	brain_value	{"concept": "molecular snare lowest kdoff"}	59
2026-05-08T16:57:01	brain_value	{"concept": "molecular snare kdoff"}	52
2026-05-08T16:57:01	brain_value	{"concept": "highest molecular snare kdoff"}	60
2026-05-08T16:57:01	brain_define	{"concept": "molecular snare"}	160
2026-05-08T16:57:35	brain_value	{"concept": "molecular snare kdoff", "type": "kdoff"}	52
2026-05-08T16:57:35	brain_value	{"concept": "molecular snare kdoff highest kdoff"}	66
2026-05-08T16:57:35	brain_value	{"concept": "molecular snare kdoff lowest kdoff"}	65
2026-05-08T16:57:35	brain_value	{"concept": "molecular snare kdoff kdoff"}	58
2026-05-08T16:57:35	brain_value	{"concept": "highest molecular snare kdoff kdoff"}	66
2026-05-08T16:57:35	brain_define	{"concept": "molecular snare kdoff"}	166
2026-05-08T17:02:17	brain_define	{"concept": "molecular snare"}	160
2026-05-08T17:02:54	brain_explore	{"label": "fulcrum work in the moleculare snare", "depth": 1}	67
2026-05-08T17:03:13	brain_define	{"concept": "teh fulcrum"}	156
2026-05-08T17:06:20	brain_define	{"concept": "teh molecular snare"}	164
2026-05-08T17:06:53	brain_define	{"concept": "molecular snare"}	160
2026-05-08T17:07:09	brain_value	{"concept": "\u001b[a\u001b[a\u001b[a / quite"}	48
2026-05-08T17:07:09	brain_define	{"concept": "\u001b[a\u001b[a\u001b[a / quite"}	162
2026-05-08T17:10:35	brain_define	{"concept": "molecular snare"}	160
2026-05-08T17:27:55	brain_explore	{"label": "molecular snare", "depth": 3}	27243
2026-05-08T17:31:37	brain_explore	{"label": "molecular snare", "depth": 3}	27243
2026-05-08T17:32:13	brain_explore	{"label": "molecular snare", "depth": 3}	27243
2026-05-08T17:37:12	brain_explore	{"label": "molecular snare", "depth": 3}	27243
2026-05-08T17:40:47	brain_explore	{"label": "teh molecular snare", "depth": 3}	27247
2026-05-08T17:40:47	brain_define	{"concept": "teh molecular snare"}	164
2026-05-08T17:41:18	brain_explore	{"label": "moleculare snare", "depth": 3}	27244
2026-05-08T17:41:18	brain_define	{"concept": "moleculare snare"}	161
2026-05-08T17:41:58	brain_explore	{"label": "molecular snare", "depth": 3}	27243
2026-05-08T17:41:58	brain_define	{"concept": "molecular snare"}	160
2026-05-08T17:42:48	brain_explore	{"label": "molecular snare", "depth": 3}	27243
2026-05-08T17:42:48	brain_define	{"concept": "molecular snare"}	160
2026-05-08T17:44:29	brain_explore	{"label": "molecular snare", "depth": 3}	27243
2026-05-08T17:44:30	brain_define	{"concept": "molecular snare"}	160
2026-05-08T17:49:17	brain_explore	{"label": "molecular snare", "depth": 3}	27243
2026-05-08T17:51:51	brain_explore	{"label": "molecular snare", "depth": 3}	27243
2026-05-08T17:52:19	brain_explore	{"label": "molecular snare", "depth": 3}	27243
2026-05-08T17:53:41	brain_explore	{"label": "molecular snare", "depth": 3}	27243
2026-05-08T17:53:55	brain_explore	{"label": "molecular snare", "depth": 3}	27243
2026-05-08T17:57:11	brain_define	{"concept": "molecular snare"}	160
2026-05-08T17:58:08	brain_explore	{"label": "molecular snare", "depth": 3}	27243
2026-05-08T17:58:08	brain_define	{"concept": "molecular snare"}	160
2026-05-08T17:59:13	brain_explore	{"label": "molecular snare", "depth": 3}	27243
2026-05-08T17:59:13	brain_define	{"concept": "molecular snare"}	160
2026-05-08T17:59:34	brain_explore	{"label": "molecular snare", "depth": 3}	27243
2026-05-08T17:59:35	brain_define	{"concept": "molecular snare"}	160
2026-05-08T17:59:51	brain_explore	{"label": "fulcrum", "depth": 3}	593
2026-05-08T17:59:51	brain_define	{"concept": "fulcrum"}	216
2026-05-08T18:00:26	brain_explore	{"label": "optimal kdoff for ssng2", "depth": 3}	54
2026-05-08T18:00:26	brain_define	{"concept": "optimal kdoff for ssng2"}	168
2026-05-08T18:01:24	brain_explore	{"label": "fulcrum", "depth": 3}	593
2026-05-08T18:03:07	brain_explore	{"label": "optimal kdoff for ssng2", "depth": 3}	54
2026-05-08T18:03:08	brain_value	{"concept": "ssng2", "type": "kdoff"}	107
2026-05-08T18:03:08	brain_value	{"concept": "ssng2 highest kdoff"}	50
2026-05-08T18:03:08	brain_value	{"concept": "ssng2 lowest kdoff"}	49
2026-05-08T18:03:08	brain_value	{"concept": "ssng2 kdoff"}	42
2026-05-08T18:03:08	brain_value	{"concept": "highest ssng2 kdoff"}	50
2026-05-08T18:03:08	brain_define	{"concept": "ssng2"}	63
2026-05-08T18:03:43	brain_explore	{"label": "ssng3", "depth": 3}	19913
2026-05-08T18:03:59	brain_explore	{"label": "kdon", "depth": 3}	24859
2026-05-08T18:05:25	brain_explore	{"label": "optimal koff for ssng2", "depth": 3}	53
2026-05-08T18:05:25	brain_value	{"concept": "ssng2", "type": "koff"}	106
2026-05-08T18:05:25	brain_value	{"concept": "ssng2 highest koff"}	49
2026-05-08T18:05:25	brain_value	{"concept": "ssng2 lowest koff"}	48
2026-05-08T18:05:25	brain_value	{"concept": "ssng2 koff"}	41
2026-05-08T18:05:25	brain_value	{"concept": "highest ssng2 koff"}	49
2026-05-08T18:05:25	brain_define	{"concept": "ssng2"}	63
2026-05-08T18:05:26	brain_did_you_mean	{"term": "ssng2"}	29
2026-05-08T18:06:31	brain_explore	{"label": "kdon", "depth": 3}	24859
2026-05-08T18:08:19	brain_explore	{"label": "kdon", "depth": 3}	24859
2026-05-08T18:08:20	brain_define	{"concept": "kdon"}	87
2026-05-08T18:10:31	brain_explore	{"label": "sara_audit_log=/tmp/sara_audit.log \\", "depth": 3}	67
2026-05-08T18:10:31	brain_value	{"concept": "sara_audit_log=/tmp / sara_audit.log \\"}	69
2026-05-08T18:10:31	brain_define	{"concept": "sara_audit_log=/tmp / sara_audit.log \\"}	183
2026-05-08T18:10:34	brain_explore	{"label": ".venv/bin/python -m sara_reader.cli_stateless_chat \\", "depth": 3}	83
2026-05-08T18:10:34	brain_value	{"concept": "venv / bin / python -m sara_reader.cli_stateless_chat \\"}	86
2026-05-08T18:10:34	brain_define	{"concept": "venv / bin / python -m sara_reader.cli_stateless_chat \\"}	200
2026-05-08T18:10:36	brain_explore	{"label": "--brain /tmp/sara_demo.db \\", "depth": 3}	58
2026-05-08T18:10:36	brain_did_you_mean	{"term": "/ sara_demo.db \\"}	40
2026-05-08T18:10:37	brain_explore	{"label": "--cortex-router \\", "depth": 3}	48
2026-05-08T18:10:37	brain_value	{"concept": "router \\"}	39
2026-05-08T18:10:37	brain_define	{"concept": "router \\"}	153
2026-05-08T18:10:39	brain_explore	{"label": "--synthesis-model llama3.2:1b \\", "depth": 3}	62
2026-05-08T18:10:39	brain_value	{"concept": "--synthesis model llama3.2:1b \\"}	62
2026-05-08T18:10:39	brain_define	{"concept": "--synthesis model llama3.2:1b \\"}	176
2026-05-08T18:10:41	brain_explore	{"label": "--strict-sara \\", "depth": 3}	46
2026-05-08T18:10:41	brain_did_you_mean	{"term": "--strict sara \\"}	39
2026-05-08T18:10:42	brain_explore	{"label": "--explore-first", "depth": 3}	46
2026-05-08T18:10:42	brain_value	{"concept": "first"}	97
2026-05-08T18:10:42	brain_define	{"concept": "first"}	214
2026-05-08T18:11:07	brain_explore	{"label": "kdon", "depth": 3}	24859
2026-05-08T18:11:08	brain_define	{"concept": "kdon"}	87
2026-05-08T18:11:31	brain_explore	{"label": "kdon", "depth": 3}	24859
2026-05-08T18:11:31	brain_define	{"concept": "kdon"}	87
